City,Cloudiness,Humidity,Latitude,Longitude,Temperature,Wind Speed
ushuaia,40,61,-54.81,-68.31,47.43,16.11
saint-philippe,1,48,45.36,-73.48,81.01,6.93
esperance,40,78,10.24,-61.45,82.4,6.93
provideniya,88,100,64.42,-173.23,47.34,5.06
celestun,20,98,20.87,-90.4,84.51,9.19
tendukheda,92,90,23.4,79.54,76.32,7.18
rikitea,88,100,-23.12,-134.97,73.35,18.14
lavrentiya,92,96,65.58,-170.99,45.36,26.31
bluff,0,82,-23.58,149.07,40.86,3.04
bredasdorp,48,76,-34.53,20.04,50.0,5.82
cururupu,68,68,-1.82,-44.87,85.5,8.08
saldanha,0,39,41.42,-6.55,75.6,3.6
chokurdakh,0,79,70.62,147.9,38.07,10.98
balkanabat,0,18,39.51,54.36,92.34,5.39
busselton,68,100,-33.64,115.35,53.1,17.81
nanortalik,100,100,60.14,-45.24,44.1,1.92
tiksi,0,95,71.64,128.87,44.46,2.59
atuona,88,97,-9.8,-139.03,80.46,16.13
mataura,8,85,-46.19,168.86,34.38,5.95
gainesville,90,74,29.65,-82.33,84.88,5.82
hermanus,68,78,-34.42,19.24,48.69,6.4
muros,20,63,42.77,-9.06,62.6,9.17
matagami,92,92,9.67,8.4,69.84,2.71
carpentras,64,94,44.06,5.05,68.74,8.05
usinsk,32,89,66.0,57.56,53.46,5.73
taoudenni,32,16,22.68,-3.98,105.57,4.72
kavieng,24,100,-2.57,150.8,82.53,6.62
saskylakh,0,83,71.97,114.09,53.1,3.38
lebu,0,66,8.96,38.73,51.66,2.93
mecca,68,44,21.43,39.83,84.15,2.71
mar del plata,76,46,-46.43,-67.52,53.1,14.23
te anau,24,100,-45.41,167.72,26.91,2.37
albany,20,45,42.65,-73.75,81.63,13.87
castro,100,100,-42.48,-73.76,47.52,3.6
lorengau,88,100,-2.02,147.27,81.45,12.44
cape town,0,66,-33.93,18.42,53.6,14.99
taonan,32,81,45.34,122.78,69.21,6.73
nushki,68,26,29.55,66.02,77.85,4.16
shediac,90,100,46.22,-64.55,71.6,9.17
chuy,100,83,-33.69,-53.46,55.53,28.77
toucheng,20,88,24.86,121.82,80.6,1.12
topeka,1,41,39.05,-95.68,91.4,4.7
ribeira grande,20,78,38.52,-28.7,75.2,4.7
punta arenas,40,46,-53.16,-70.91,51.66,21.92
tuktoyaktuk,90,93,69.44,-133.03,41.0,11.41
santa cruz,1,44,36.97,-122.03,73.71,4.7
vilhena,0,54,-12.74,-60.15,82.4,10.29
san isidro,92,87,16.74,121.63,76.95,5.61
keuruu,0,78,62.26,24.71,72.52,5.82
levashi,40,88,42.43,47.32,69.8,4.47
cabo san lucas,40,78,22.89,-109.91,83.41,9.17
puerto baquerizo moreno,75,69,-0.9,-89.6,75.2,17.22
muko,68,94,34.95,135.7,76.23,2.48
anadyr,0,100,64.73,177.51,37.4,6.71
fairbanks,1,54,64.84,-147.72,53.53,4.5
georgetown,75,70,6.8,-58.16,87.8,9.17
iqaluit,90,81,63.75,-68.52,42.8,18.34
codrington,0,93,-28.95,153.24,39.69,2.71
coahuayana,64,80,18.62,-100.35,75.42,3.04
morozovsk,44,34,48.35,41.83,71.28,9.64
touros,76,97,-5.2,-35.46,75.42,15.01
vila velha,0,69,-3.71,-38.6,82.4,18.34
port elizabeth,20,58,39.31,-74.98,87.21,9.17
nikolskoye,0,64,59.7,30.79,71.6,8.95
kasongo-lunda,92,62,-6.48,16.82,79.29,1.92
port alfred,92,100,-33.59,26.89,55.53,10.2
husavik,0,80,50.56,-96.99,78.84,3.71
paamiut,0,90,61.99,-49.67,44.73,20.27
mount gambier,64,53,-37.83,140.78,58.86,14.56
east london,75,87,-33.02,27.91,53.6,3.36
bethel,90,87,60.79,-161.76,51.8,6.93
klaksvik,76,87,62.23,-6.59,50.0,14.99
san rafael,8,34,-34.61,-68.33,57.33,11.43
mocuba,0,73,-16.84,36.99,72.9,6.51
upernavik,92,97,72.79,-56.15,39.33,18.03
kabompo,0,35,-13.6,24.21,70.56,6.62
santiago del estero,0,30,-27.8,-64.26,64.8,5.06
valparaiso,40,46,41.47,-87.06,86.77,17.22
saint george,20,64,39.45,22.34,71.6,3.36
bambous virieux,40,82,-20.34,57.76,68.0,2.24
thunder bay,75,83,48.41,-89.26,71.6,9.17
hami,56,46,42.84,93.51,75.96,0.47
mmabatho,0,55,-25.85,25.61,62.6,18.34
alofi,0,93,-19.06,-169.92,62.6,5.17
semnan,0,29,35.58,53.39,74.7,3.38
longyearbyen,75,81,78.22,15.63,42.8,11.41
pundaguitan,80,98,6.37,126.17,84.15,6.62
manggar,32,97,-2.88,108.27,77.22,6.4
talas,0,43,38.69,35.55,69.8,8.05
aklavik,90,75,68.22,-135.01,42.8,5.82
gua musang,32,94,4.88,101.97,71.73,1.7
new norfolk,75,66,-42.78,147.06,51.8,16.11
brenham,1,39,30.17,-96.4,94.39,9.17
ganzhou,32,99,25.86,114.93,75.87,1.7
sitka,0,77,37.17,-99.65,88.47,6.17
hofn,75,62,64.25,-15.21,53.6,8.05
qaanaaq,24,97,77.48,-69.36,36.45,1.48
tabas,0,19,33.6,56.92,76.14,3.94
mangochi,0,57,-14.48,35.26,65.07,5.39
doha,20,79,25.29,51.53,93.2,6.93
itoman,20,88,26.12,127.67,81.84,6.93
quatre cocos,40,82,-20.21,57.76,68.0,2.24
agirish,64,61,61.92,63.02,57.33,5.5
butaritari,48,100,3.07,172.79,82.08,7.96
boende,80,93,-0.28,20.88,73.71,1.03
hobart,75,66,-42.88,147.33,51.8,16.11
puerto ayora,75,57,-0.74,-90.35,80.6,19.46
aksarka,0,83,66.56,67.8,50.85,11.1
iturama,24,84,-19.73,-50.2,74.88,9.98
san quintin,75,83,17.54,120.52,80.6,9.17
punta,64,91,11.01,124.6,80.91,8.97
jamestown,0,48,-33.21,138.6,53.37,21.27
beloha,0,76,-25.17,45.06,64.98,13.56
kholmogory,40,64,64.23,41.65,68.0,8.95
barrow,0,100,-38.31,-60.23,50.04,10.09
hithadhoo,20,100,-0.6,73.08,83.07,6.73
rincon,40,56,32.3,-81.24,92.07,8.05
kodiak,1,52,39.95,-94.76,91.4,8.05
puerto el triunfo,40,63,13.27,-88.55,91.4,6.93
ojinaga,0,29,29.56,-104.41,91.8,3.6
pozo colorado,0,57,-23.49,-58.8,65.88,11.77
arlit,88,44,18.74,7.39,90.9,3.04
mahebourg,40,82,-20.41,57.7,68.0,2.24
vryburg,92,29,-26.96,24.73,57.96,9.75
maniitsoq,0,98,65.42,-52.9,46.08,6.73
salalah,90,88,17.01,54.1,78.8,3.36
pryazha,0,56,61.69,33.62,73.4,8.95
victoria,75,88,5.28,115.24,79.68,1.12
avarua,20,83,-21.21,-159.78,69.8,4.7
cananeia,44,84,-25.01,-47.93,69.93,8.41
airai,0,98,-8.93,125.41,63.36,1.92
thinadhoo,80,100,0.53,72.93,83.52,4.72
pangnirtung,90,66,66.15,-65.72,55.4,24.16
dakar,75,66,14.69,-17.45,87.8,9.17
mudanya,0,69,40.38,28.88,78.21,5.82
coruripe,0,90,-10.12,-36.18,79.02,10.2
solnechnyy,20,99,50.72,136.64,61.65,4.38
russell,0,63,-33.01,-68.8,57.2,5.82
pevek,8,100,69.7,170.27,34.65,6.51
srikakulam,32,98,18.29,83.89,83.25,9.08
kapaa,90,94,22.08,-159.32,80.08,16.11
moose factory,75,82,51.26,-80.61,64.4,12.75
kisanga,0,34,-11.72,27.4,64.17,5.39
hilo,90,78,19.71,-155.08,75.67,10.09
camopi,24,53,3.17,-52.33,90.63,2.71
yumen,0,43,40.29,97.04,66.24,6.17
bonavista,0,82,48.65,-53.11,61.65,4.16
vaini,100,100,15.34,74.49,67.5,4.61
thompson,20,47,55.74,-97.86,80.6,12.75
carnarvon,0,61,-30.97,22.13,40.41,13.22
yellowknife,75,63,62.45,-114.38,64.4,11.41
maceio,40,65,-9.67,-35.74,78.8,11.41
tasiilaq,40,70,65.61,-37.64,48.2,6.93
sao filipe,36,96,14.9,-24.5,78.84,5.5
college,1,54,64.86,-147.8,53.53,4.5
sao joao da barra,40,65,-21.64,-41.05,78.8,11.41
tufanganj,32,99,26.23,89.7,76.32,2.15
topsham,20,55,50.69,-3.47,64.4,10.29
yar-sale,8,95,66.83,70.83,51.75,11.77
ystad,0,49,55.43,13.82,72.45,8.05
esqueda,80,69,30.72,-109.59,79.38,2.04
murupara,8,89,-38.46,176.71,34.74,2.04
tamandare,24,77,-8.28,-70.75,83.52,5.61
dunedin,0,89,-45.87,170.5,35.1,5.06
tautira,20,74,-17.73,-149.15,80.6,9.17
camapua,80,74,-19.53,-54.04,65.43,8.97
burnie,56,94,-41.05,145.91,54.9,28.32
piet retief,64,83,-27.01,30.81,55.35,5.17
orlik,88,100,52.51,99.83,47.52,2.15
san luis,0,26,-33.3,-66.34,63.81,4.94
piterka,0,39,50.68,47.44,65.16,11.77
dikson,100,79,73.51,80.55,50.4,17.58
tilichiki,92,100,60.47,166.1,51.57,3.49
bar harbor,90,100,44.39,-68.2,70.47,8.05
labuhan,44,87,-2.54,115.51,72.09,2.04
nosy varika,24,100,-20.58,48.53,67.95,3.6
berlevag,75,100,70.86,29.09,48.2,14.99
norman wells,90,87,65.28,-126.83,50.0,9.17
balabac,92,98,7.99,117.06,83.88,15.46
grand-santi,0,50,4.27,-54.38,89.1,2.71
itarema,44,57,-2.92,-39.92,89.19,12.55
arkhangelskoye,0,62,54.46,37.62,61.83,4.5
hasaki,75,88,35.73,140.83,78.35,8.05
cherskiy,0,85,68.75,161.3,37.08,2.93
honiara,40,94,-9.43,159.96,75.2,4.7
tarko-sale,24,83,64.92,77.78,48.6,8.19
axim,8,96,4.87,-2.24,78.12,10.76
mana,0,73,43.52,20.24,72.39,1.12
umm lajj,24,89,25.02,37.27,84.78,3.04
cabedelo,75,94,-6.97,-34.84,73.4,11.41
petropavlovsk-kamchatskiy,40,93,53.05,158.65,44.6,4.47
benguela,20,94,-12.58,13.4,68.76,7.52
geraldton,40,61,49.72,-86.95,77.0,5.82
abu dhabi,20,47,24.47,54.37,103.24,6.93
fortuna,0,78,38.18,-1.13,85.1,2.24
laguna,75,52,27.52,-110.01,89.6,4.7
margate,75,62,-43.03,147.26,51.8,11.41
sechura,0,87,-5.56,-80.82,71.82,12.77
luderitz,0,73,-26.65,15.16,55.71,18.14
sidney,20,26,47.72,-104.16,91.4,4.7
flin flon,20,40,54.77,-101.88,86.0,10.29
vardo,1,48,39.62,-77.74,87.8,12.75
tooele,1,22,40.53,-112.3,90.03,5.82
mustasaari,0,77,63.17,21.67,69.8,5.82
bay city,75,58,43.59,-83.89,83.82,9.17
fort morgan,1,23,40.25,-103.8,87.19,6.93
faanui,76,92,-16.48,-151.75,82.35,8.97
mbaiki,8,81,3.87,17.99,77.49,3.15
golden,5,34,51.3,-116.96,80.6,5.82
riyadh,0,15,24.63,46.72,96.8,5.82
khatanga,20,83,71.98,102.47,57.6,9.08
panaba,92,67,21.28,-88.27,87.93,8.52
carndonagh,40,77,55.25,-7.27,59.0,6.93
richards bay,92,100,-28.77,32.06,55.98,3.6
fort nelson,40,46,58.81,-122.69,73.4,3.36
sambava,80,100,-14.27,50.17,73.8,21.27
rio tercero,0,32,-32.17,-64.11,57.06,5.73
lagoa,0,35,37.14,-8.45,84.2,4.7
athlone,92,67,53.42,-7.94,59.22,12.77
severo-kurilsk,44,100,50.68,156.12,49.5,3.38
tamiahua,8,95,21.28,-97.45,84.69,6.73
torbay,75,68,47.66,-52.73,64.4,10.29
cap malheureux,40,82,-19.98,57.61,68.0,2.24
bandarbeyla,36,85,9.49,50.81,80.1,34.81
roald,20,72,62.58,6.12,61.47,5.82
makinsk,56,83,52.63,70.42,65.43,3.04
miyang,80,99,24.4,103.44,61.65,2.71
praia da vitoria,20,78,38.73,-27.07,77.0,6.06
coolum beach,100,99,-26.53,153.09,60.75,5.5
biltine,0,77,14.53,20.93,77.85,3.49
tiruvallur,90,88,13.15,79.92,80.6,11.41
thohoyandou,92,100,-22.97,30.46,57.51,3.15
paveh,0,53,35.05,46.36,69.48,1.36
port augusta,0,30,-32.49,137.76,59.0,24.16
sorong,64,100,-0.86,131.25,79.11,5.95
jiaohe,64,100,43.72,127.34,63.36,3.15
saint-augustin,0,68,44.83,-0.61,68.0,9.17
noshiro,0,97,40.21,140.05,75.42,7.07
northam,20,55,51.04,-4.21,63.16,10.29
vagur,92,97,61.47,-6.81,53.28,8.41
minudasht,0,76,37.23,55.37,79.47,6.17
arraial do cabo,20,65,-22.97,-42.02,81.54,12.75
bereda,20,68,43.27,-7.54,64.4,10.29
hailar,0,85,49.2,119.7,55.35,2.93
saint anthony,1,26,43.97,-111.68,83.12,3.94
sorland,75,93,67.67,12.69,55.4,12.75
catuday,92,100,16.29,119.81,76.77,13.44
la ronge,5,47,55.1,-105.3,80.6,13.87
nishihara,20,88,35.74,139.53,80.83,5.73
hualmay,0,74,-11.1,-77.61,68.13,5.95
san patricio,8,69,-26.98,-56.83,58.41,5.5
calabozo,56,84,8.92,-67.43,83.61,8.97
vao,64,58,59.1,26.19,75.96,7.52
mareeba,20,82,-16.99,145.42,60.8,13.87
flinders,0,70,-34.58,150.85,46.4,10.29
ugoofaaru,64,94,5.67,73.0,84.6,12.1
pingliang,64,83,35.54,106.68,67.41,1.48
mabaruma,68,75,8.2,-59.78,85.77,6.06
moranbah,0,76,-22.0,148.04,40.05,4.94
coihaique,90,61,-45.58,-72.07,47.57,3.36
ewa beach,90,70,21.32,-158.01,81.03,4.7
verkhoyansk,0,87,67.55,133.39,46.62,2.48
dong hoi,92,100,17.48,106.6,78.66,13.78
progreso,75,76,-34.68,-56.22,51.8,21.92
daru,92,94,7.99,-10.85,72.36,7.07
qorveh,0,29,35.17,47.8,74.43,6.96
mudanjiang,68,98,44.58,129.6,63.9,2.48
xam nua,32,89,20.42,104.04,68.67,2.04
pangody,24,77,65.85,74.49,51.39,8.97
tuatapere,24,100,-46.13,167.69,43.2,8.97
guerrero negro,20,52,27.97,-114.04,89.1,4.61
angoche,0,100,-16.23,39.91,76.41,10.2
san carlos de bariloche,75,56,-41.13,-71.31,42.8,3.36
qaqortoq,75,59,60.72,-46.03,60.8,4.7
mount isa,0,47,-20.73,139.49,37.4,8.52
santa maria,90,81,-29.69,-53.81,51.8,16.11
itapemirim,36,85,-21.01,-40.84,78.3,12.44
bubaque,75,94,11.28,-15.83,75.2,4.7
lompoc,1,57,34.64,-120.46,79.47,10.29
olot,0,36,39.42,63.81,82.53,9.17
arys,0,39,42.43,68.8,78.8,2.24
georgiyevka,0,53,52.25,40.45,63.36,9.75
eregli,0,51,37.51,34.05,69.12,7.96
hammerfest,75,100,70.66,23.68,51.13,8.05
louth,20,63,53.37,0.0,61.93,2.24
ust-tsilma,20,90,65.44,52.15,56.88,5.06
obo,12,95,5.39,26.49,73.98,2.15
athabasca,0,79,54.72,-113.29,80.46,4.72
lodja,20,76,-3.52,23.6,78.12,3.6
vestmanna,88,87,62.16,-7.17,50.0,14.99
serenje,0,38,-13.23,30.22,66.69,9.42
west bay,20,59,50.71,-2.76,64.4,12.75
sabha,100,16,27.03,14.43,99.63,5.06
ahipara,48,100,-35.17,173.16,49.05,3.49
saint-pierre,75,87,48.95,4.24,62.98,11.41
santa isabel do rio negro,8,70,-0.41,-65.02,87.75,4.16
madarounfa,20,88,13.3,7.16,78.8,4.7
chara,20,64,39.42,22.43,71.6,3.36
kavaratti,92,93,10.57,72.64,83.34,19.15
leningradskiy,88,100,69.38,178.42,33.84,12.66
lodhikheda,75,83,21.58,78.83,80.6,5.82
belyy yar,0,77,53.6,91.39,59.0,2.24
miles city,1,16,46.41,-105.84,96.8,6.93
kjollefjord,75,100,70.95,27.35,48.2,14.99
lanzhou,75,93,36.06,103.82,62.6,4.47
tevaitoa,88,91,-16.78,-151.5,81.9,9.98
lakes entrance,0,94,-37.88,147.99,46.44,7.63
talnakh,76,88,69.49,88.39,52.11,16.46
waddan,32,25,29.16,16.14,94.95,7.07
baker city,1,20,44.77,-117.83,90.23,3.36
aranos,0,8,-24.14,19.11,62.46,16.8
taloqan,0,70,36.74,69.54,63.36,2.59
brae,80,67,60.4,-1.35,57.2,16.11
oneida,1,46,41.07,-90.23,89.1,6.93
katol,75,83,21.28,78.59,80.6,5.82
saint-francois,0,56,46.42,3.91,68.0,9.17
mujiayingzi,0,88,42.12,118.78,60.12,2.48
aykhal,92,69,65.95,111.51,49.41,3.04
krivosheino,0,78,57.34,83.93,64.17,7.96
vung tau,75,100,10.35,107.08,77.0,8.05
batagay,0,87,67.65,134.64,45.54,2.71
narsaq,75,59,60.91,-46.05,60.8,4.7
lakselv,75,100,70.05,24.96,53.85,1.12
port lincoln,44,82,-34.72,135.86,59.22,20.71
ilulissat,75,93,69.22,-51.1,39.2,3.36
the pas,1,45,53.82,-101.24,86.0,11.41
atasu,0,58,48.68,71.64,73.62,8.41
cervo,20,89,-22.19,-46.24,67.5,10.09
pimentel,20,74,-3.7,-45.5,86.04,2.71
dwarka,32,86,28.58,77.04,81.63,4.94
puerto escondido,75,66,15.86,-97.07,86.0,5.82
kerewan,75,83,13.49,-16.09,78.8,13.87
sovetskiy,0,68,56.76,48.47,54.72,7.4
jalu,44,17,29.03,21.55,103.5,9.53
kindu,8,67,-2.95,25.92,80.37,4.05
oranjestad,20,59,12.52,-70.03,89.6,26.4
ust-maya,0,100,60.42,134.54,52.92,2.48
comodoro rivadavia,0,53,-45.87,-67.48,51.8,4.7
cidreira,48,93,-30.17,-50.22,53.55,23.29
mantua,75,69,45.16,10.79,70.21,21.92
catia la mar,20,70,10.6,-67.03,86.0,5.82
colares,20,56,38.8,-9.45,71.13,23.04
taga,75,83,35.21,136.34,82.4,4.7
erbach,0,68,48.33,9.89,69.22,14.99
seoni,56,94,22.09,79.55,75.42,6.62
beidao,12,78,34.57,105.89,68.13,5.5
ambilobe,0,50,-13.19,49.05,75.24,14.0
kralendijk,0,66,12.15,-68.27,87.8,18.34
outjo,0,22,-20.11,16.16,58.23,9.98
arteaga,75,61,25.45,-100.85,82.4,9.17
griffith,0,84,-34.29,146.06,42.66,9.64
mnogovershinnyy,92,97,53.94,139.92,56.43,2.48
burgeo,88,97,47.61,-57.61,59.4,10.54
bayan,92,100,47.25,107.54,55.89,4.16
isangel,12,100,-19.55,169.27,71.91,13.56
souillac,0,60,45.6,-0.6,68.81,10.29
necochea,0,84,-38.55,-58.74,50.67,12.66
kabare,0,65,-1.65,29.38,63.09,4.94
oparino,0,76,59.85,48.28,56.25,4.5
milkovo,0,50,41.53,24.68,79.83,8.05
kulhudhuffushi,32,93,6.62,73.07,84.6,14.45
tecpan,40,60,14.76,-90.99,75.2,11.41
demba,0,62,-5.47,22.27,81.18,3.6
port macquarie,0,93,-31.43,152.91,41.0,4.7
beringovskiy,44,100,63.05,179.32,44.82,15.23
roebourne,0,68,-20.77,117.15,60.03,12.21
kankakee,1,46,41.12,-87.86,88.23,11.41
matay,0,34,28.42,30.79,87.57,8.75
deputatskiy,0,76,69.3,139.9,42.3,8.63
gao,0,85,16.28,-0.04,84.96,3.49
arklow,75,55,52.79,-6.14,60.8,12.75
potrerillos arriba,75,79,8.69,-82.49,84.2,9.17
aksha,12,100,50.28,113.29,47.79,2.15
sur,76,99,22.57,59.53,80.91,6.73
avera,75,55,33.19,-82.53,88.48,4.7
savannah bight,36,96,16.45,-85.85,83.43,16.46
port hardy,20,77,50.7,-127.42,64.4,4.7
boyolangu,68,94,-8.09,111.9,70.47,5.39
tselinnoye,0,66,45.9,34.18,78.75,11.1
road town,40,58,18.42,-64.62,87.8,8.05
zhenjiang,0,83,32.21,119.46,82.4,2.24
podporozhye,48,56,60.91,34.16,71.82,11.65
sept-iles,90,88,50.2,-66.38,62.6,12.75
pontianak,64,93,-0.02,109.34,79.38,7.07
shitanjing,92,87,39.23,106.34,65.7,1.14
tromso,75,93,69.65,18.96,55.4,12.75
bonnyville,5,47,54.27,-110.74,80.6,6.93
port hedland,0,93,-20.31,118.58,55.4,4.7
mayo,90,87,63.59,-135.9,50.0,10.29
kununurra,0,76,-15.77,128.74,48.2,5.06
tunceli,0,36,39.11,39.55,76.03,10.29
nouadhibou,0,69,20.93,-17.03,77.0,17.22
yinchuan,76,100,38.48,106.21,65.16,5.73
curvelo,8,48,-18.76,-44.43,84.06,8.08
atherton,0,48,53.52,-2.49,61.68,6.93
monte patria,0,72,-30.69,-70.96,64.44,1.7
kulu,24,87,3.47,23.69,77.04,1.48
morondava,0,83,-20.3,44.28,72.72,4.05
puerto colombia,75,66,10.99,-74.96,91.4,11.41
kahului,75,88,20.89,-156.47,78.8,3.36
ionia,90,69,42.99,-85.07,80.56,13.87
changji,0,76,32.07,116.17,81.45,3.6
palu,80,83,-0.9,119.87,67.5,1.36
surt,0,91,31.21,16.59,80.64,9.19
umm kaddadah,56,60,13.6,26.69,79.47,10.54
calama,0,5,-22.46,-68.93,75.2,14.99
srednekolymsk,0,90,67.46,153.71,43.38,5.06
kaitangata,0,93,-46.28,169.85,39.96,10.65
jussara,0,37,-15.87,-50.87,95.94,4.5
kawalu,88,100,-7.38,108.21,65.88,1.92
qasigiannguit,75,93,68.82,-51.19,39.2,3.36
portland,90,44,45.52,-122.67,78.76,4.7
langres,20,60,47.87,5.33,68.0,10.29
montepuez,0,56,-13.13,39.0,70.65,8.75
bocas del toro,68,100,9.33,-82.25,80.19,9.53
kiyasovo,92,69,56.35,53.12,58.23,12.44
tessalit,0,29,20.2,1.01,97.02,7.63
kirakira,68,100,-10.46,161.92,78.93,17.02
canchungo,75,94,12.07,-16.03,77.05,10.29
seydi,44,88,13.34,7.75,73.08,4.5
ocosingo,92,99,16.91,-92.09,68.4,2.48
kenai,90,59,60.55,-151.26,59.88,4.7
ust-nera,0,100,64.57,143.24,36.36,2.48
caravelas,0,100,-17.73,-39.27,77.13,11.43
thanh hoa,92,99,10.21,106.33,75.78,9.64
champasak,92,97,14.89,105.88,72.72,2.93
spruce grove,75,48,53.55,-113.9,84.2,3.36
porto novo,40,47,-23.68,-45.44,80.6,6.93
marystown,32,75,47.17,-55.16,66.51,4.05
banita,0,83,45.45,23.27,63.81,1.92
montrose,88,62,-37.81,145.34,50.85,16.11
ouadda,68,67,8.07,22.4,82.08,3.04
totolac,40,37,19.32,-98.26,71.6,3.36
nouakchott,64,100,18.08,-15.98,77.94,13.11
kabelvag,75,82,68.21,14.48,57.22,27.51
preobrazheniye,76,96,42.9,133.91,57.96,0.58
roros,8,59,62.57,11.38,62.6,4.7
horta,40,78,41.43,2.16,73.44,6.93
lope de vega,92,99,12.3,124.62,82.98,17.02
jumla,68,94,29.28,82.18,37.08,2.37
okha,76,97,53.59,142.95,52.65,9.42
ahuimanu,75,74,21.44,-157.84,80.2,5.82
ponta delgada,20,73,37.73,-25.67,71.6,5.82
evensk,92,95,61.92,159.24,55.08,3.6
mathbaria,68,89,22.29,89.96,81.63,5.5
saint-joseph,0,94,43.56,6.97,70.36,2.24
malanje,0,67,-9.54,16.35,71.82,5.73
noumea,0,60,-22.28,166.46,69.8,1.12
luganville,32,100,-15.51,167.18,75.96,12.1
kidal,0,45,18.44,1.41,91.53,4.38
hue,75,100,16.47,107.58,78.8,2.24
omsukchan,76,83,62.53,155.8,45.36,2.48
muhlhausen,0,50,51.22,10.45,75.2,13.87
henties bay,0,90,-22.12,14.28,56.79,15.23
tsabong,80,9,-26.02,22.4,64.53,18.48
ponta do sol,8,69,-20.63,-46.0,70.65,8.75
ler,0,63,63.2,10.3,60.58,4.7
hambantota,32,98,6.12,81.12,79.11,14.12
dingle,92,94,11.0,122.67,77.13,8.08
okhotsk,20,100,59.36,143.24,54.36,2.37
darhan,92,100,49.49,105.92,59.4,2.93
koslan,8,66,63.46,48.9,61.83,6.17
dudinka,92,100,69.41,86.18,54.99,15.23
nehe,0,95,48.48,124.88,63.54,10.09
hervey bay,0,100,-25.3,152.85,60.75,8.52
koroni,20,73,36.8,21.96,77.0,10.98
los llanos de aridane,75,57,28.66,-17.92,77.0,18.34
bumbuna,92,94,9.05,-11.73,73.98,7.74
tefe,40,70,-3.35,-64.71,87.8,8.05
xinzhi,75,88,22.54,120.62,78.55,3.36
romny,0,58,50.74,33.49,66.06,7.07
manitouwadge,75,68,49.12,-85.84,71.6,5.82
vestmannaeyjar,0,81,63.44,-20.27,53.6,16.11
torrington,1,19,42.06,-104.18,90.39,4.7
altay,20,71,47.83,88.13,51.12,3.71
susangerd,0,19,31.56,48.19,104.0,11.41
nome,40,70,30.04,-94.42,89.2,10.29
yokadouma,36,83,3.52,15.05,75.33,2.48
funadhoo,68,93,6.15,73.27,84.6,13.0
edmundston,90,83,47.36,-68.33,72.77,3.49
islamkot,48,80,24.7,70.18,81.45,9.42
warwick,75,49,41.7,-71.42,86.45,13.87
paris,75,68,48.86,2.35,63.27,9.17
sharya,0,68,58.37,45.52,56.7,4.16
tocopilla,44,93,-22.09,-70.2,62.73,2.59
khandyga,64,97,62.65,135.58,54.45,2.37
barranca,0,99,-10.75,-77.76,61.92,10.2
ous,48,60,60.91,61.52,57.87,6.4
buala,88,100,-8.15,159.59,77.49,8.19
arnedo,20,52,42.23,-2.1,68.0,5.82
the valley,20,62,18.22,-63.06,86.94,11.41
ugento,0,88,39.93,18.16,82.4,6.93
zhaodong,80,93,46.07,125.99,66.2,4.47
boden,0,52,65.83,21.69,69.8,3.36
kieta,76,100,-6.22,155.63,76.14,3.94
kagoro,92,92,9.6,8.38,69.84,2.71
port moresby,0,100,-9.47,147.16,73.4,9.17
havoysund,75,100,71.0,24.66,50.0,8.05
novoselytsya,0,60,48.22,26.27,68.0,6.93
vila franca do campo,20,73,37.72,-25.43,71.6,5.82
troitskoye,0,85,52.98,84.68,58.95,4.72
dalbandin,20,22,28.9,64.41,81.18,3.71
chunoyar,8,66,57.45,97.32,57.33,3.49
nador,0,42,35.17,-2.93,82.4,9.17
isoka,0,26,-10.15,32.64,69.39,13.67
bambanglipuro,92,91,-7.95,110.28,71.46,2.48
aksu,75,72,52.04,76.93,68.0,4.47
abalak,24,63,15.46,6.28,84.42,2.15
ulladulla,0,70,-35.36,150.48,46.4,10.29
kigorobya,44,96,1.62,31.31,78.48,1.7
abay,20,87,49.63,72.87,57.2,2.24
kampot,80,90,10.62,104.18,75.6,8.41
bilibino,0,80,68.06,166.44,34.92,2.48
san lorenzo,0,66,13.43,-87.45,92.25,11.99
panzhihua,92,90,26.59,101.72,64.35,2.37
yulara,0,44,-25.24,130.99,37.4,7.74
victor harbor,0,33,-35.55,138.62,59.0,20.8
adrar,40,18,27.87,-0.29,102.2,11.41
karratha,0,68,-20.74,116.85,60.03,12.21
langham,90,39,52.36,-106.96,82.4,8.05
buin,0,15,-33.73,-70.74,77.0,2.15
champerico,40,58,16.38,-93.6,86.0,10.29
oyotun,20,60,-6.85,-79.3,73.4,11.41
bozoum,0,79,6.31,16.38,75.96,8.08
beyneu,100,73,45.32,55.19,70.38,12.44
clyde river,90,86,70.47,-68.59,41.0,14.99
trairi,0,100,-3.28,-39.27,79.02,19.04
penzance,20,67,50.12,-5.53,58.86,11.41
nelson bay,0,100,-32.72,152.14,37.4,4.7
kungurtug,0,100,50.6,97.53,45.45,2.37
yueyang,32,87,29.36,113.12,79.74,2.48
teruel,0,83,40.34,-1.11,71.6,2.24
jishou,0,100,28.26,109.7,73.98,1.59
amapa,75,79,15.09,-87.97,89.6,4.7
wawa,24,98,9.9,4.41,74.25,3.04
zhongshu,64,89,24.52,103.77,60.12,2.15
nacala,0,99,-14.56,40.69,75.24,8.08
san cristobal,40,48,-0.39,-78.55,62.6,18.34
tigil,88,99,57.8,158.67,50.4,3.6
bagacay,92,98,12.98,124.14,83.34,19.15
mirador,0,29,-6.37,-44.36,94.32,8.63
zhigalovo,92,89,54.81,105.15,55.26,1.14
sumenep,24,94,-7.02,113.87,80.55,9.08
honningsvag,92,100,70.98,25.97,50.49,4.05
ha tinh,64,100,18.33,105.9,83.16,13.22
lingao,92,100,19.91,109.69,76.86,5.73
takoradi,0,93,4.89,-1.75,77.85,9.19
itauna,20,65,-22.93,-42.48,81.5,12.75
shelburne,20,45,44.08,-80.2,82.94,5.82
loanda,0,61,-22.93,-53.14,66.06,15.68
ishigaki,0,99,24.34,124.16,85.05,9.42
mokhsogollokh,68,95,61.4,128.95,57.42,5.39
pacific grove,1,72,36.62,-121.92,76.32,4.7
stilfontein,92,80,-26.84,26.78,56.7,16.58
matamoros,75,50,25.87,-97.51,94.86,14.99
arequipa,0,11,-16.4,-71.54,73.4,10.29
tura,44,89,25.52,90.21,80.28,4.72
mitchell,1,35,43.71,-98.03,87.8,11.41
nuuk,20,54,64.17,-51.74,57.2,10.29
anshun,44,87,26.25,105.93,65.97,2.71
qujing,88,92,25.49,103.8,57.78,2.48
faya,20,83,18.39,42.45,73.4,6.93
manoel urbano,0,64,-8.84,-69.26,88.2,3.94
juba,20,50,57.82,26.93,75.2,2.24
los aquijes,20,72,-14.1,-75.69,66.2,11.41
shimoda,40,88,34.7,138.93,80.6,10.29
chimbote,0,91,-9.08,-78.59,65.97,5.61
pramanta,20,83,39.52,21.1,71.6,1.36
la palma,0,53,5.36,-74.39,84.06,3.49
najran,5,13,17.54,44.22,93.2,4.7
itupiranga,20,41,-5.13,-49.33,96.8,10.29
maun,12,19,-19.99,23.42,75.33,9.08
decatur,75,88,35.51,-84.79,81.3,5.82
tinskoy,20,87,56.15,96.92,61.56,1.48
constitucion,40,44,23.99,-104.67,75.2,4.7
alindao,68,74,5.04,21.21,80.82,4.16
pulandian,0,83,39.4,121.96,78.8,6.71
campbell river,5,37,50.02,-125.24,81.16,5.82
druzhinino,92,100,56.79,59.52,50.94,8.97
kruisfontein,92,100,-34.0,24.73,55.89,13.44
batemans bay,0,100,-35.71,150.18,40.5,5.17
dongsheng,0,89,29.72,112.52,81.54,2.71
taunggyi,92,100,20.78,97.03,67.5,2.15
ouesso,44,97,1.61,16.05,74.16,2.04
corinth,0,45,37.94,22.93,82.4,12.75
boa vista,40,52,2.82,-60.67,91.4,6.93
mogadishu,48,97,2.04,45.34,77.58,22.5
zyryanskoye,0,81,56.83,86.62,57.33,5.73
linhares,32,76,-19.38,-40.06,79.92,9.42
tadine,88,96,-21.55,167.88,70.65,12.44
kaka,0,69,37.35,59.62,64.8,2.48
lethem,0,56,3.38,-59.8,92.88,9.64
namatanai,68,100,-3.66,152.44,80.91,9.19
meulaboh,24,100,4.14,96.13,79.38,0.58
liseleje,64,64,56.01,11.96,72.81,9.17
aalten,90,77,51.93,6.58,67.41,23.04
pedernales,24,70,0.07,-80.05,85.14,5.95
krasnovishersk,0,73,60.4,57.08,51.66,6.73
mandalgovi,68,96,45.76,106.27,61.92,6.96
manoharpur,44,95,22.35,85.21,76.05,2.59
pasighat,32,96,28.06,95.33,71.1,1.59
myanaung,76,95,18.28,95.32,76.68,6.06
stephenville,1,36,32.22,-98.2,93.6,5.82
whitehorse,90,81,60.72,-135.06,53.6,11.41
palembang,36,79,-2.99,104.76,78.12,5.06
artigas,92,77,-30.4,-56.46,53.19,19.71
palmer,75,93,61.6,-149.11,57.76,2.15
rognan,40,82,67.1,15.4,59.0,16.11
manicore,75,83,-5.81,-61.3,78.8,3.36
selje,90,82,62.05,5.35,60.82,5.82
biarritz,75,68,43.48,-1.56,67.41,5.82
tiznit,0,82,29.7,-9.73,74.97,6.06
merauke,0,97,-8.49,140.4,73.71,15.23
sibi,76,52,29.55,67.88,94.68,7.07
vanimo,32,100,-2.67,141.3,83.7,8.08
albanel,75,42,48.88,-72.44,80.6,9.17
amudat,12,93,1.95,34.95,60.21,2.04
butte,1,13,46.01,-112.54,86.0,3.36
taicheng,92,94,22.25,112.8,80.1,8.19
tongchuan,0,65,34.9,108.95,80.6,6.71
voh,92,100,-20.95,164.69,69.57,12.55
rosarito,75,38,4.91,-75.23,86.88,6.93
poum,12,75,41.28,20.71,65.88,0.69
castro alves,0,64,-12.76,-39.43,83.25,6.17
kudahuvadhoo,32,98,2.67,72.89,84.33,9.19
waingapu,0,99,-9.65,120.26,70.02,4.94
kozluk,0,39,38.17,41.5,82.4,2.24
morristown,90,78,36.21,-83.29,80.6,4.7
lalmohan,92,91,22.34,90.74,82.44,9.19
warrington,0,55,53.39,-2.59,62.69,10.29
hamilton,40,70,32.3,-64.78,84.2,16.11
broken hill,0,65,-31.97,141.45,49.32,16.02
baherden,0,30,38.44,57.43,83.88,7.96
handlova,0,60,48.73,18.76,80.17,2.24
pilar,75,58,-34.46,-58.91,52.97,12.75
okmulgee,1,49,35.62,-95.96,89.6,4.05
nileshwar,88,100,12.25,75.1,74.25,4.16
hobyo,0,74,5.35,48.53,77.76,23.73
zhanaozen,88,44,43.35,52.85,83.61,6.96
hay river,40,64,60.82,-115.79,68.0,4.7
padang,24,100,-0.92,100.36,82.62,6.62
mudgee,0,78,-32.6,149.59,29.7,2.93
trapani,0,88,38.02,12.54,82.4,8.05
lubao,90,94,14.94,120.6,77.65,3.36
thyboron,68,88,56.7,8.21,67.32,11.21
asyut,0,33,27.18,31.19,89.6,19.46
zlobin,0,69,45.29,14.65,80.6,5.82
cortez,1,22,37.35,-108.58,87.8,3.36
tirano,40,82,46.22,10.17,55.4,9.17
nova vodolaha,0,48,49.72,35.86,66.2,6.71
poso,44,100,-1.4,120.75,77.85,7.07
salina cruz,0,52,16.18,-95.2,90.0,13.67
kilgore,40,37,32.39,-94.88,92.8,9.17
tacuarembo,92,79,-31.73,-55.98,54.81,21.61
broome,40,93,52.47,1.45,56.48,4.7
lipari,20,70,38.47,14.95,84.2,3.36
chenzhou,8,100,25.81,113.03,73.98,2.71
bagaha,76,88,27.1,84.09,81.09,5.39
marienburg,0,68,52.12,9.98,71.67,9.17
turan,0,79,52.15,93.92,49.14,2.04
primero de enero,40,66,21.94,-78.43,89.6,13.87
turukhansk,64,100,65.8,87.96,56.07,9.42
bila krynytsya,0,49,50.64,29.47,69.8,6.71
olinda,75,61,-2.03,-79.75,80.6,5.82
benghazi,0,58,32.12,20.07,84.2,23.04
mitsamiouli,20,78,-11.38,43.28,75.2,4.7
alta floresta,32,33,-9.87,-56.08,98.73,4.61
waikuku,36,87,-43.29,172.68,48.2,12.75
rani,36,90,26.42,87.27,80.73,5.73
pemba,20,88,-12.97,40.52,73.4,3.36
cayenne,0,70,4.94,-52.33,87.8,13.87
ntcheu,0,49,-14.82,34.64,61.47,4.05
ketchikan,90,87,55.34,-131.65,60.8,14.99
hovd,0,63,63.83,10.7,60.66,4.7
constantine,40,48,36.36,6.61,82.4,4.7
lasa,0,88,34.92,32.53,81.61,8.05
scarborough,92,63,54.28,-0.41,63.25,3.36
sobolevo,0,71,54.43,31.9,66.6,5.39
secovce,0,83,48.7,21.66,76.96,2.24
bangil,0,83,-7.6,112.78,77.0,5.82
santa marta,75,66,11.24,-74.21,91.4,6.93
bone,0,94,-10.32,123.57,76.23,11.99
francisco sa,44,47,-16.48,-43.49,81.0,4.5
bata,40,83,1.87,9.77,78.8,11.41
povazska bystrica,0,57,49.12,18.42,81.79,4.7
tomatlan,12,68,19.93,-105.25,86.85,3.15
patna,40,79,25.61,85.12,86.0,7.07
tirat karmel,20,74,32.76,34.97,84.2,5.82
adre,36,77,13.47,22.2,77.22,4.94
alice springs,0,24,-23.7,133.88,55.4,5.82
khuzhir,80,88,53.19,107.35,53.82,5.73
katangli,88,100,51.71,143.23,50.4,11.1
saint-denis,75,68,48.94,2.36,62.15,6.93
seybaplaya,75,66,19.65,-90.67,87.8,6.93
gamba,88,99,28.28,88.52,36.9,2.59
acapulco,75,66,16.86,-99.88,87.8,9.17
atambua,0,100,-9.11,124.89,72.72,6.96
sanghar,44,71,28.18,68.31,89.46,3.04
bathsheba,20,58,13.22,-59.52,87.8,13.87
almaznyy,20,42,48.03,40.04,72.18,11.65
albury,0,100,-36.08,146.92,33.8,8.41
kalofer,0,50,42.61,24.97,77.0,8.05
taitung,32,100,22.76,121.15,76.14,4.38
gouyave,40,70,12.16,-61.73,86.0,17.22
suntar,0,100,62.16,117.65,50.94,5.73
komsomolskiy,68,87,67.55,63.78,50.4,12.66
salur,36,89,18.52,83.21,75.96,2.48
katsuura,68,87,33.93,134.5,79.83,1.03
labuan,75,94,5.28,115.24,78.8,1.12
gobo,48,83,33.89,135.15,80.6,5.82
ancud,92,100,-41.87,-73.83,48.78,3.38
abha,20,83,18.22,42.5,73.4,6.93
